rank	domain	subcellular_term	p_value	adj_p_value	odds_ratio	hyper_score	domain_type	constituent_domains	n_observations
1	IPR036236,IPR013087	SL-0191	0.000000e+00	0.000000e+00	191.0255	100.00	supra_pair	IPR036236,IPR013087	717
2	IPR013087	SL-0191	0.000000e+00	0.000000e+00	70.2426	100.00	single	-	777
3	IPR017452	SL-0039	0.000000e+00	0.000000e+00	154.6412	100.00	single	-	722
4	IPR000276	SL-9909	0.000000e+00	0.000000e+00	2459.0941	100.00	single	-	706
5	IPR000725,IPR000276	SL-9909	0.000000e+00	0.000000e+00	inf	100.00	supra_pair	IPR000725,IPR000276	415
6	IPR000725,IPR000276,IPR000725	SL-9909	0.000000e+00	0.000000e+00	inf	100.00	supra_triple	IPR000725,IPR000276,IPR000725	415
7	IPR017452,IPR000276	SL-0039	0.000000e+00	0.000000e+00	171.7372	100.00	supra_pair	IPR017452,IPR000276	548
8	IPR036236,IPR013087,IPR013087	SL-0191	0.000000e+00	0.000000e+00	210.1761	100.00	supra_triple	IPR036236,IPR013087,IPR013087	710
9	IPR036236	SL-0191	0.000000e+00	0.000000e+00	117.1338	100.00	single	-	750
10	IPR000725,IPR017452	SL-9909	0.000000e+00	0.000000e+00	inf	100.00	supra_pair	IPR000725,IPR017452	402
11	IPR013087,IPR036236	SL-0191	0.000000e+00	0.000000e+00	187.8897	100.00	supra_pair	IPR013087,IPR036236	707
12	IPR000276,IPR000276	SL-9909	0.000000e+00	0.000000e+00	1962.9139	100.00	supra_pair	IPR000276,IPR000276	595
13	IPR013087,IPR013087,IPR013087	SL-0191	0.000000e+00	0.000000e+00	150.0567	100.00	supra_triple	IPR013087,IPR013087,IPR013087	733
14	IPR017452,IPR000276	SL-9909	0.000000e+00	0.000000e+00	1768.1380	100.00	supra_pair	IPR017452,IPR000276	548
15	IPR000276	SL-0039	0.000000e+00	0.000000e+00	217.1368	100.00	single	-	706
16	IPR017452	SL-9909	0.000000e+00	0.000000e+00	2535.1731	100.00	single	-	722
17	IPR000725	SL-9909	0.000000e+00	0.000000e+00	inf	100.00	single	-	422
18	IPR013087,IPR036236,IPR013087	SL-0191	0.000000e+00	0.000000e+00	231.0000	100.00	supra_triple	IPR013087,IPR036236,IPR013087	695
19	IPR000276,IPR000276	SL-0039	0.000000e+00	0.000000e+00	205.9120	100.00	supra_pair	IPR000276,IPR000276	595
20	IPR000725,IPR000725	SL-9909	0.000000e+00	0.000000e+00	inf	100.00	supra_pair	IPR000725,IPR000725	397
21	IPR013087,IPR013087,IPR036236	SL-0191	0.000000e+00	0.000000e+00	185.7033	100.00	supra_triple	IPR013087,IPR013087,IPR036236	700
22	IPR000276,IPR000725	SL-9909	0.000000e+00	0.000000e+00	inf	100.00	supra_pair	IPR000276,IPR000725	417
23	IPR013087,IPR013087	SL-0191	0.000000e+00	0.000000e+00	116.9468	100.00	supra_pair	IPR013087,IPR013087	749
24	IPR000276,IPR000725,IPR000725	SL-9909	1.571129e-321	1.647981e-315	inf	100.00	supra_triple	IPR000276,IPR000725,IPR000725	392
25	IPR000276,IPR000725,IPR000276	SL-9909	7.802779e-320	7.554882e-314	inf	100.00	supra_triple	IPR000276,IPR000725,IPR000276	390
26	IPR000276,IPR000725,IPR017452	SL-9909	7.802779e-320	7.554882e-314	inf	100.00	supra_triple	IPR000276,IPR000725,IPR017452	390
27	IPR000725,IPR000725,IPR000276	SL-9909	2.719478e-317	2.535558e-311	inf	100.00	supra_triple	IPR000725,IPR000725,IPR000276	387
28	IPR017452,IPR000276,IPR000725	SL-9909	1.778477e-294	1.598976e-288	inf	100.00	supra_triple	IPR017452,IPR000276,IPR000725	360
29	IPR000725,IPR017452,IPR000276	SL-9909	7.507278e-282	6.516827e-276	inf	100.00	supra_triple	IPR000725,IPR017452,IPR000276	345
30	IPR013783	SL-9905	8.895260e-282	7.464301e-276	19.1414	100.00	single	-	967
31	IPR000725	SL-0039	2.847941e-264	2.312709e-258	184.3735	100.00	single	-	422
32	IPR000276,IPR000725	SL-0039	4.440081e-263	3.492952e-257	205.1748	100.00	supra_pair	IPR000276,IPR000725	417
33	IPR000725,IPR000276	SL-0039	1.072671e-261	7.942171e-256	204.0462	100.00	supra_pair	IPR000725,IPR000276	415
34	IPR000725,IPR000276,IPR000725	SL-0039	1.072671e-261	7.942171e-256	204.0462	100.00	supra_triple	IPR000725,IPR000276,IPR000725	415
35	IPR000276,IPR000276,IPR000725	SL-9909	4.921306e-255	3.539681e-249	inf	100.00	supra_triple	IPR000276,IPR000276,IPR000725	313
36	IPR000725,IPR017452	SL-0039	1.018690e-252	7.123466e-247	196.7442	100.00	supra_pair	IPR000725,IPR017452	402
37	IPR000725,IPR000276,IPR000276	SL-9909	1.577566e-252	1.073341e-246	inf	100.00	supra_triple	IPR000725,IPR000276,IPR000276	310
38	IPR000725,IPR000725	SL-0039	4.919278e-247	3.258888e-241	171.8922	100.00	supra_pair	IPR000725,IPR000725	397
39	IPR000276,IPR000725,IPR017452	SL-0039	9.896999e-247	6.388379e-241	217.8575	100.00	supra_triple	IPR000276,IPR000725,IPR017452	390
40	IPR000276,IPR000725,IPR000725	SL-0039	7.927968e-246	4.989461e-240	191.1666	100.00	supra_triple	IPR000276,IPR000725,IPR000725	392
41	IPR000276,IPR000725,IPR000276	SL-0039	1.887313e-244	1.158809e-238	190.0552	100.00	supra_triple	IPR000276,IPR000725,IPR000276	390
42	IPR000725,IPR000725,IPR000276	SL-0039	2.187259e-242	1.311000e-236	188.3905	100.00	supra_triple	IPR000725,IPR000725,IPR000276	387
43	IPR000276,IPR017452	SL-9909	1.039217e-229	6.084005e-224	833.4186	100.00	supra_pair	IPR000276,IPR017452	290
44	IPR017452,IPR000276,IPR000725	SL-0039	4.195871e-226	2.400608e-220	198.9753	100.00	supra_triple	IPR017452,IPR000276,IPR000725	360
45	IPR000725,IPR017452,IPR000276	SL-0039	4.108413e-218	2.298335e-212	222.0104	100.00	supra_triple	IPR000725,IPR017452,IPR000276	345
46	IPR036179	SL-9905	4.256225e-217	2.329263e-211	17.3669	100.00	single	-	745
47	IPR036179	SL-0039	3.523615e-213	1.887306e-207	11.7482	100.00	single	-	745
48	IPR003599	SL-9905	6.220443e-207	3.262360e-201	27.5471	100.00	single	-	454
49	IPR000276,IPR000276,IPR000725	SL-0039	2.971393e-196	1.526567e-190	199.1388	100.00	supra_triple	IPR000276,IPR000276,IPR000725	313
50	IPR013783	SL-0039	4.315696e-196	2.172864e-190	7.8070	100.00	single	-	967
51	IPR000725,IPR000276,IPR000276	SL-0039	3.277305e-194	1.617702e-188	197.0169	100.00	supra_triple	IPR000725,IPR000276,IPR000276	310
52	IPR001909	SL-0191	1.634950e-187	7.915036e-182	449.2295	100.00	single	-	361
53	IPR007110	SL-0039	1.403244e-185	6.665136e-180	10.8121	100.00	single	-	684
54	IPR001909,IPR001909	SL-0191	9.736418e-185	4.538969e-179	874.3281	100.00	supra_pair	IPR001909,IPR001909	351
55	IPR036051	SL-0191	3.522455e-183	1.612258e-177	438.4692	100.00	single	-	353
56	IPR001909,IPR001909,IPR001909	SL-0191	1.747876e-181	7.857317e-176	858.2412	100.00	supra_triple	IPR001909,IPR001909,IPR001909	345
57	IPR000276,IPR017452	SL-0039	1.986649e-178	8.774008e-173	156.2187	100.00	supra_pair	IPR000276,IPR017452	290
58	IPR007110	SL-9905	4.152013e-177	1.802115e-171	14.8020	100.00	single	-	684
59	IPR036051,IPR001909	SL-0191	9.767660e-172	4.167641e-166	810.2262	100.00	supra_pair	IPR036051,IPR001909	327
60	IPR036051,IPR001909,IPR001909	SL-0191	2.988278e-165	1.253780e-159	778.4196	100.00	supra_triple	IPR036051,IPR001909,IPR001909	315
61	IPR000276,IPR000276,IPR017452	SL-9909	5.462782e-161	2.254425e-155	1129.1406	100.00	supra_triple	IPR000276,IPR000276,IPR017452	203
62	IPR013783,IPR036179	SL-9905	1.103222e-158	4.479434e-153	20.1385	100.00	supra_pair	IPR013783,IPR036179	434
63	IPR000276,IPR000276,IPR000276	SL-9909	2.819638e-155	1.126690e-149	1086.9817	100.00	supra_triple	IPR000276,IPR000276,IPR000276	196
64	IPR013106	SL-0039	1.513999e-151	5.955214e-146	16.8219	100.00	single	-	419
65	IPR036179,IPR003599	SL-9905	3.136571e-148	1.214769e-142	45.0970	100.00	supra_pair	IPR036179,IPR003599	229
66	IPR000276,IPR017452,IPR000276	SL-9909	7.475007e-147	2.851146e-141	519.5061	100.00	supra_triple	IPR000276,IPR017452,IPR000276	189
67	IPR009057	SL-0191	3.895345e-146	1.463602e-140	83.2103	100.00	single	-	312
68	IPR000725,IPR000725,IPR000725	SL-9909	3.018485e-145	1.117460e-139	inf	100.00	supra_triple	IPR000725,IPR000725,IPR000725	180
69	IPR001806	SL-9901	1.768781e-138	6.453223e-133	206.8683	100.00	single	-	129
70	IPR036179,IPR013106	SL-0039	3.507894e-136	1.261537e-130	31.9975	100.00	supra_pair	IPR036179,IPR013106	290
71	IPR005225	SL-9901	1.095094e-133	3.882800e-128	136.6962	100.00	single	-	153
72	IPR001909,IPR036236	SL-0191	2.694056e-130	9.419457e-125	608.9035	100.00	supra_pair	IPR001909,IPR036236	250
73	IPR000276,IPR000276,IPR017452	SL-0039	1.022832e-128	3.527224e-123	251.5143	100.00	supra_triple	IPR000276,IPR000276,IPR017452	203
74	IPR001909,IPR001909,IPR036236	SL-0191	1.503028e-126	5.113134e-121	590.9220	100.00	supra_triple	IPR001909,IPR001909,IPR036236	243
75	IPR000276,IPR000276,IPR000276	SL-0039	2.115499e-126	7.100734e-121	365.3490	100.00	supra_triple	IPR000276,IPR000276,IPR000276	196
76	IPR001806,IPR001806	SL-9901	5.061970e-126	1.676709e-120	259.8565	100.00	supra_pair	IPR001806,IPR001806	106
77	IPR003598	SL-9905	9.043216e-119	2.956541e-113	29.5318	100.00	single	-	232
78	IPR001356	SL-0191	2.300830e-118	7.425774e-113	85.4736	100.00	single	-	252
79	IPR001909,IPR036236,IPR013087	SL-0191	1.824424e-117	5.813670e-112	547.4704	100.00	supra_triple	IPR001909,IPR036236,IPR013087	226
80	IPR001356,IPR001356	SL-0191	8.613601e-117	2.710482e-111	84.3742	100.00	supra_pair	IPR001356,IPR001356	249
81	IPR015919	SL-9905	9.903845e-117	3.078014e-111	172.5885	100.00	single	-	117
82	IPR002126,IPR002126	SL-9905	1.418387e-116	4.200758e-111	189.7894	100.00	supra_pair	IPR002126,IPR002126	115
83	IPR002126	SL-9905	1.418387e-116	4.200758e-111	189.7894	100.00	single	-	115
84	IPR015919,IPR002126	SL-9905	1.418387e-116	4.200758e-111	189.7894	100.00	supra_pair	IPR015919,IPR002126	115
85	IPR015919,IPR002126,IPR002126	SL-9905	1.418387e-116	4.200758e-111	189.7894	100.00	supra_triple	IPR015919,IPR002126,IPR002126	115
86	IPR002126,IPR002126,IPR015919	SL-9905	2.235439e-115	6.394871e-110	187.8058	100.00	supra_triple	IPR002126,IPR002126,IPR015919	114
87	IPR002126,IPR015919	SL-9905	2.235439e-115	6.394871e-110	187.8058	100.00	supra_pair	IPR002126,IPR015919	114
88	IPR002126,IPR002126,IPR002126	SL-9905	2.235439e-115	6.394871e-110	187.8058	100.00	supra_triple	IPR002126,IPR002126,IPR002126	114
89	IPR002126,IPR015919,IPR002126	SL-9905	3.517123e-114	9.948309e-109	185.8261	100.00	supra_triple	IPR002126,IPR015919,IPR002126	113
90	IPR000725,IPR000725,IPR000725	SL-0039	2.734584e-113	7.648927e-108	221.1232	100.00	supra_triple	IPR000725,IPR000725,IPR000725	180
91	IPR009057,IPR001356	SL-0191	4.001287e-113	1.106904e-107	81.8142	100.00	supra_pair	IPR009057,IPR001356	242
92	IPR007110,IPR013783	SL-9905	2.447820e-112	6.697974e-107	20.5321	100.00	supra_pair	IPR007110,IPR013783	288
93	IPR000276,IPR017452,IPR000276	SL-0039	7.065212e-111	1.912467e-105	97.5541	100.00	supra_triple	IPR000276,IPR017452,IPR000276	189
94	IPR020894	SL-9905	1.355649e-110	3.592323e-105	179.9116	100.00	single	-	110
95	IPR002126,IPR020894	SL-9905	1.355649e-110	3.592323e-105	179.9116	100.00	supra_pair	IPR002126,IPR020894	110
96	IPR002126,IPR020894,IPR015919	SL-9905	2.118082e-109	5.496962e-104	177.9482	100.00	supra_triple	IPR002126,IPR020894,IPR015919	109
97	IPR020894,IPR015919	SL-9905	2.118082e-109	5.496962e-104	177.9482	100.00	supra_pair	IPR020894,IPR015919	109
98	IPR036259	SL-9909	1.087472e-108	2.793469e-103	inf	100.00	single	-	135
99	IPR002126,IPR002126,IPR020894	SL-9905	3.303435e-108	8.400060e-103	175.9888	100.00	supra_triple	IPR002126,IPR002126,IPR020894	108
100	IPR020894,IPR015919,IPR002126	SL-9905	5.142924e-107	1.294678e-101	174.0333	100.00	supra_triple	IPR020894,IPR015919,IPR002126	107
