rank	domain	reactome_term	p_value	adj_p_value	odds_ratio	hyper_score	domain_type	constituent_domains	n_observations
1	IPR000725,IPR017452	R-HSA-9752946	0.000000e+00	0.000000e+00	inf	100.00	supra_pair	IPR000725,IPR017452	381
2	IPR001909,IPR001909	R-HSA-212436	0.000000e+00	0.000000e+00	9714.0185	100.00	supra_pair	IPR001909,IPR001909	293
3	IPR017452,IPR000276	R-HSA-9752946	0.000000e+00	0.000000e+00	412.0730	100.00	supra_pair	IPR017452,IPR000276	489
4	IPR013087,IPR036236,IPR013087	R-HSA-212436	0.000000e+00	0.000000e+00	1554.2246	100.00	supra_triple	IPR013087,IPR036236,IPR013087	388
5	IPR000725,IPR000725	R-HSA-9752946	0.000000e+00	0.000000e+00	inf	100.00	supra_pair	IPR000725,IPR000725	376
6	IPR000725,IPR000276	R-HSA-9752946	0.000000e+00	0.000000e+00	inf	100.00	supra_pair	IPR000725,IPR000276	395
7	IPR000276,IPR000725	R-HSA-9752946	0.000000e+00	0.000000e+00	inf	100.00	supra_pair	IPR000276,IPR000725	396
8	IPR036051,IPR001909	R-HSA-212436	0.000000e+00	0.000000e+00	8379.7644	100.00	supra_pair	IPR036051,IPR001909	270
9	IPR001909,IPR001909,IPR001909	R-HSA-212436	0.000000e+00	0.000000e+00	8863.5600	100.00	supra_triple	IPR001909,IPR001909,IPR001909	288
10	IPR036236,IPR013087	R-HSA-212436	0.000000e+00	0.000000e+00	1529.0087	100.00	supra_pair	IPR036236,IPR013087	396
11	IPR000725	R-HSA-9752946	0.000000e+00	0.000000e+00	inf	100.00	single	-	400
12	IPR013087,IPR013087	R-HSA-212436	0.000000e+00	0.000000e+00	1413.5540	100.00	supra_pair	IPR013087,IPR013087	402
13	IPR013087,IPR036236	R-HSA-212436	0.000000e+00	0.000000e+00	1531.5591	100.00	supra_pair	IPR013087,IPR036236	389
14	IPR000725,IPR000276,IPR000725	R-HSA-9752946	0.000000e+00	0.000000e+00	inf	100.00	supra_triple	IPR000725,IPR000276,IPR000725	395
15	IPR036236,IPR013087,IPR013087	R-HSA-212436	0.000000e+00	0.000000e+00	1517.9232	100.00	supra_triple	IPR036236,IPR013087,IPR013087	393
16	IPR000276,IPR000725,IPR000276	R-HSA-9752946	0.000000e+00	0.000000e+00	inf	100.00	supra_triple	IPR000276,IPR000725,IPR000276	370
17	IPR000725,IPR000725,IPR000276	R-HSA-9752946	0.000000e+00	0.000000e+00	inf	100.00	supra_triple	IPR000725,IPR000725,IPR000276	368
18	IPR013087,IPR013087,IPR013087	R-HSA-212436	0.000000e+00	0.000000e+00	1476.6271	100.00	supra_triple	IPR013087,IPR013087,IPR013087	395
19	IPR036236	R-HSA-212436	0.000000e+00	0.000000e+00	1284.1048	100.00	single	-	410
20	IPR000725,IPR000276,IPR000276	R-HSA-9752946	0.000000e+00	0.000000e+00	inf	100.00	supra_triple	IPR000725,IPR000276,IPR000276	298
21	IPR017452,IPR000276,IPR000725	R-HSA-9752946	0.000000e+00	0.000000e+00	inf	100.00	supra_triple	IPR017452,IPR000276,IPR000725	340
22	IPR036051,IPR001909,IPR001909	R-HSA-212436	0.000000e+00	0.000000e+00	9925.3053	100.00	supra_triple	IPR036051,IPR001909,IPR001909	261
23	IPR036051	R-HSA-212436	0.000000e+00	0.000000e+00	9900.0562	100.00	single	-	294
24	IPR000725,IPR017452,IPR000276	R-HSA-9752946	0.000000e+00	0.000000e+00	inf	100.00	supra_triple	IPR000725,IPR017452,IPR000276	325
25	IPR000276	R-HSA-9752946	0.000000e+00	0.000000e+00	1768.7448	100.00	single	-	635
26	IPR017452	R-HSA-9752946	0.000000e+00	0.000000e+00	2939.9449	100.00	single	-	642
27	IPR013087,IPR013087,IPR036236	R-HSA-212436	0.000000e+00	0.000000e+00	1531.5591	100.00	supra_triple	IPR013087,IPR013087,IPR036236	389
28	IPR013087	R-HSA-212436	0.000000e+00	0.000000e+00	1328.3459	100.00	single	-	420
29	IPR000276,IPR000276	R-HSA-9752946	0.000000e+00	0.000000e+00	136.0463	100.00	supra_pair	IPR000276,IPR000276	534
30	IPR000276,IPR000725,IPR017452	R-HSA-9752946	0.000000e+00	0.000000e+00	inf	100.00	supra_triple	IPR000276,IPR000725,IPR017452	370
31	IPR001909	R-HSA-212436	0.000000e+00	0.000000e+00	10706.2200	100.00	single	-	298
32	IPR000276,IPR000725,IPR000725	R-HSA-9752946	0.000000e+00	0.000000e+00	inf	100.00	supra_triple	IPR000276,IPR000725,IPR000725	372
33	IPR000276,IPR000276,IPR000725	R-HSA-9752946	0.000000e+00	0.000000e+00	inf	100.00	supra_triple	IPR000276,IPR000276,IPR000725	301
34	IPR001909,IPR036236	R-HSA-212436	6.174338e-319	3.309165e-312	3461.0753	100.00	supra_pair	IPR001909,IPR036236	201
35	IPR001909,IPR001909,IPR036236	R-HSA-212436	1.380355e-311	7.186702e-305	3306.0297	100.00	supra_triple	IPR001909,IPR001909,IPR036236	197
36	IPR001909,IPR036236,IPR013087	R-HSA-212436	7.993790e-281	4.046291e-274	2725.2655	100.00	supra_triple	IPR001909,IPR036236,IPR013087	180
37	IPR000725,IPR000725,IPR000725	R-HSA-9752946	5.520944e-264	2.719058e-257	inf	100.00	supra_triple	IPR000725,IPR000725,IPR000725	170
38	IPR036179	R-HSA-198933	2.213791e-205	1.061598e-198	174.6623	100.00	single	-	403
39	IPR013783	R-HSA-198933	1.192986e-180	5.574135e-174	109.8528	100.00	single	-	554
40	IPR007110	R-HSA-198933	6.939447e-163	3.161344e-156	99.9444	100.00	single	-	364
41	IPR013106	R-HSA-198933	1.285707e-124	5.714327e-118	115.4083	100.00	single	-	178
42	IPR001806	R-HSA-8873719	2.638070e-124	1.144574e-117	2861.6170	100.00	single	-	107
43	IPR000536	R-HSA-383280	9.233243e-123	3.823917e-116	88250.3333	100.00	single	-	48
44	IPR035500	R-HSA-383280	9.233243e-123	3.823917e-116	88250.3333	100.00	single	-	48
45	IPR005225	R-HSA-8873719	2.403969e-118	9.734713e-112	2034.3636	100.00	single	-	126
46	IPR001628,IPR001628,IPR001628	R-HSA-383280	2.008178e-116	7.468150e-110	63371.2500	100.00	supra_triple	IPR001628,IPR001628,IPR001628	46
47	IPR001723	R-HSA-383280	2.008178e-116	7.468150e-110	63371.2500	100.00	single	-	46
48	IPR001628	R-HSA-383280	2.008178e-116	7.468150e-110	63371.2500	100.00	single	-	46
49	IPR001628,IPR001628	R-HSA-383280	2.008178e-116	7.468150e-110	63371.2500	100.00	supra_pair	IPR001628,IPR001628	46
50	IPR013106	R-HSA-202733	8.813906e-115	3.212220e-108	139.1036	100.00	single	-	178
51	IPR001723,IPR001723	R-HSA-383280	2.461115e-113	8.624532e-107	55078.2222	100.00	supra_pair	IPR001723,IPR001723	45
52	IPR000536,IPR001723	R-HSA-383280	2.461115e-113	8.624532e-107	55078.2222	100.00	supra_pair	IPR000536,IPR001723	45
53	IPR013783,IPR036179	R-HSA-198933	3.790409e-112	1.303218e-105	65.1688	100.00	supra_pair	IPR013783,IPR036179	258
54	IPR000276,IPR017452	R-HSA-418594	6.623930e-112	2.235264e-105	53.0342	100.00	supra_pair	IPR000276,IPR017452	244
55	IPR008160	R-HSA-8948216	6.630305e-110	2.196735e-103	inf	100.00	single	-	61
56	IPR036179	R-HSA-202733	1.145555e-109	3.727647e-103	69.3843	100.00	single	-	403
57	IPR001806,IPR027417	R-HSA-8873719	1.430938e-109	4.574595e-103	1948.7551	100.00	supra_pair	IPR001806,IPR027417	72
58	IPR035899,IPR000219	R-HSA-193648	1.549304e-109	4.705354e-103	3749.0000	100.00	supra_pair	IPR035899,IPR000219	64
59	IPR000219,IPR000219	R-HSA-193648	1.549304e-109	4.705354e-103	3749.0000	100.00	supra_pair	IPR000219,IPR000219	64
60	IPR035899,IPR000219,IPR000219	R-HSA-193648	1.549304e-109	4.705354e-103	3749.0000	100.00	supra_triple	IPR035899,IPR000219,IPR000219	64
61	IPR013088	R-HSA-383280	3.850567e-109	1.150275e-102	7916.4844	100.00	single	-	53
62	IPR000219	R-HSA-193648	5.919170e-109	1.739707e-102	3528.1569	100.00	single	-	65
63	IPR035899	R-HSA-193648	2.168662e-108	6.272754e-102	3331.8519	100.00	single	-	66
64	IPR036179,IPR013106	R-HSA-198933	2.231146e-107	6.352650e-101	206.3070	100.00	supra_pair	IPR036179,IPR013106	102
65	IPR035500,IPR000536	R-HSA-383280	2.718605e-107	7.506007e-101	43015.6364	100.00	supra_pair	IPR035500,IPR000536	43
66	IPR000536,IPR001723,IPR001723	R-HSA-383280	2.718605e-107	7.506007e-101	43015.6364	100.00	supra_triple	IPR000536,IPR001723,IPR001723	43
67	IPR007110	R-HSA-202733	2.522933e-105	6.861795e-99	67.7646	100.00	single	-	364
68	IPR001806,IPR001806	R-HSA-8873719	3.365624e-105	9.019107e-99	1212.7568	100.00	supra_pair	IPR001806,IPR001806	89
69	IPR008160,IPR008160	R-HSA-8948216	1.128841e-104	2.981195e-98	28180.0000	100.00	supra_pair	IPR008160,IPR008160	44
70	IPR003599	R-HSA-198933	3.147309e-104	8.193100e-98	52.5240	100.00	single	-	291
71	IPR039008,IPR039008	R-HSA-6809371	7.880461e-104	1.967142e-97	1360.4595	100.00	supra_pair	IPR039008,IPR039008	60
72	IPR039008	R-HSA-6809371	7.880461e-104	1.967142e-97	1360.4595	100.00	single	-	60
73	IPR039008,IPR039008,IPR039008	R-HSA-6809371	7.880461e-104	1.967142e-97	1360.4595	100.00	supra_triple	IPR039008,IPR039008,IPR039008	60
74	IPR039008	R-HSA-6805567	2.294062e-101	5.500452e-95	1183.2353	100.00	single	-	60
75	IPR039008,IPR039008	R-HSA-6805567	2.294062e-101	5.500452e-95	1183.2353	100.00	supra_pair	IPR039008,IPR039008	60
76	IPR039008,IPR039008,IPR039008	R-HSA-6805567	2.294062e-101	5.500452e-95	1183.2353	100.00	supra_triple	IPR039008,IPR039008,IPR039008	60
77	IPR000219,IPR000219,IPR000219	R-HSA-193648	6.953107e-101	1.645489e-94	2636.0156	100.00	supra_triple	IPR000219,IPR000219,IPR000219	61
78	IPR000276,IPR000276,IPR017452	R-HSA-418594	6.641923e-100	1.551694e-93	63.8252	100.00	supra_triple	IPR000276,IPR000276,IPR017452	175
79	IPR035899,IPR035899,IPR000219	R-HSA-193648	7.295470e-100	1.682802e-93	2928.9941	100.00	supra_triple	IPR035899,IPR035899,IPR000219	57
80	IPR035899,IPR035899	R-HSA-193648	3.018998e-99	6.876694e-93	2719.5385	100.00	supra_pair	IPR035899,IPR035899	58
81	IPR035899,IPR000219	R-HSA-416482	5.751691e-98	1.262770e-91	1122.6000	100.00	supra_pair	IPR035899,IPR000219	64
82	IPR035899,IPR000219,IPR000219	R-HSA-416482	5.751691e-98	1.262770e-91	1122.6000	100.00	supra_triple	IPR035899,IPR000219,IPR000219	64
83	IPR000219,IPR000219	R-HSA-416482	5.751691e-98	1.262770e-91	1122.6000	100.00	supra_pair	IPR000219,IPR000219	64
84	IPR000219	R-HSA-416482	2.193435e-97	4.758305e-91	1056.4706	100.00	single	-	65
85	IPR007110	R-HSA-5690714	5.373588e-97	1.152000e-90	1190.6522	100.00	single	-	364
86	IPR035899	R-HSA-416482	8.021595e-97	1.699688e-90	997.6889	100.00	single	-	66
87	IPR013783	R-HSA-202733	2.720975e-96	5.699178e-90	47.2070	100.00	single	-	554
88	IPR000536,IPR000536	R-HSA-383280	1.218324e-95	2.522823e-89	28540.5333	100.00	supra_pair	IPR000536,IPR000536	39
89	IPR000884,IPR036383	R-HSA-5083635	1.274633e-95	2.609769e-89	37911.5455	100.00	supra_pair	IPR000884,IPR036383	48
90	IPR000884,IPR036383	R-HSA-5173214	2.483175e-94	5.027727e-88	18954.0909	100.00	supra_pair	IPR000884,IPR036383	48
91	IPR036383,IPR000884,IPR036383	R-HSA-5083635	5.638438e-94	1.129079e-87	25366.5000	100.00	supra_triple	IPR036383,IPR000884,IPR036383	44
92	IPR036383,IPR000884	R-HSA-5083635	7.290482e-94	1.444027e-87	29779.7143	100.00	supra_pair	IPR036383,IPR000884	51
93	IPR036179	R-HSA-5690714	7.439934e-94	1.457783e-87	1049.5192	100.00	single	-	403
94	IPR036383	R-HSA-5083635	2.527149e-93	4.899027e-87	27791.9333	100.00	single	-	52
95	IPR036383,IPR000884,IPR036383	R-HSA-5173214	7.324912e-93	1.405030e-86	16909.5000	100.00	supra_triple	IPR036383,IPR000884,IPR036383	44
96	IPR000884	R-HSA-5083635	8.370457e-93	1.588857e-86	26052.6250	100.00	single	-	53
97	IPR036383,IPR000884	R-HSA-5173214	1.419926e-92	2.667479e-86	14888.5357	100.00	supra_pair	IPR036383,IPR000884	51
98	IPR007110	R-HSA-2029481	2.025955e-92	3.767130e-86	274.3917	100.00	single	-	364
99	IPR008160	R-HSA-1650814	3.401255e-92	6.260526e-86	1264.4092	100.00	single	-	61
100	IPR036383	R-HSA-5173214	4.921561e-92	8.968291e-86	13894.7333	100.00	single	-	52
