rank	domain	cofactor_term	p_value	adj_p_value	odds_ratio	hyper_score	domain_type	constituent_domains	n_observations
1	IPR036396	CHEBI:30413	7.298046e-92	2.790087e-86	4768.5000	100.00	single	-	57
2	IPR001128	CHEBI:30413	7.298046e-92	2.790087e-86	4768.5000	100.00	single	-	57
3	IPR017972	CHEBI:30413	2.738434e-81	6.979465e-76	2890.0000	100.00	single	-	52
4	IPR017972,IPR001128	CHEBI:30413	2.880050e-79	3.670201e-74	2655.1875	100.00	supra_pair	IPR017972,IPR001128	51
5	IPR001128,IPR017972,IPR001128	CHEBI:30413	2.880050e-79	3.670201e-74	2655.1875	100.00	supra_triple	IPR001128,IPR017972,IPR001128	51
6	IPR001128,IPR017972	CHEBI:30413	2.880050e-79	3.670201e-74	2655.1875	100.00	supra_pair	IPR001128,IPR017972	51
7	IPR036396,IPR001128	CHEBI:30413	2.357047e-73	2.574609e-68	2099.0526	100.00	supra_pair	IPR036396,IPR001128	48
8	IPR015424	CHEBI:597326	6.391099e-71	5.429679e-66	inf	100.00	single	-	40
9	IPR015421	CHEBI:597326	6.391099e-71	5.429679e-66	inf	100.00	single	-	40
10	IPR035892,IPR000008	CHEBI:29108	2.985847e-63	2.283014e-58	inf	100.00	supra_pair	IPR035892,IPR000008	64
11	IPR001128,IPR002401,IPR002401	CHEBI:30413	4.144783e-62	2.112767e-57	1387.2000	100.00	supra_triple	IPR001128,IPR002401,IPR002401	42
12	IPR001128,IPR002401	CHEBI:30413	4.144783e-62	2.112767e-57	1387.2000	100.00	supra_pair	IPR001128,IPR002401	42
13	IPR002401	CHEBI:30413	4.144783e-62	2.112767e-57	1387.2000	100.00	single	-	42
14	IPR036396,IPR036396	CHEBI:30413	4.144783e-62	2.112767e-57	1387.2000	100.00	supra_pair	IPR036396,IPR036396	42
15	IPR002401,IPR002401	CHEBI:30413	4.144783e-62	2.112767e-57	1387.2000	100.00	supra_pair	IPR002401,IPR002401	42
16	IPR000008	CHEBI:29108	1.770279e-61	8.459853e-57	652.8000	100.00	single	-	65
17	IPR000008,IPR035892	CHEBI:29108	3.684620e-61	1.565169e-56	inf	100.00	supra_pair	IPR000008,IPR035892	62
18	IPR000008,IPR000008	CHEBI:29108	3.684620e-61	1.565169e-56	inf	100.00	supra_pair	IPR000008,IPR000008	62
19	IPR017972,IPR001128,IPR002401	CHEBI:30413	2.672218e-60	8.883523e-56	1300.5000	100.00	supra_triple	IPR017972,IPR001128,IPR002401	41
20	IPR002401,IPR001128,IPR017972	CHEBI:30413	2.672218e-60	8.883523e-56	1300.5000	100.00	supra_triple	IPR002401,IPR001128,IPR017972	41
21	IPR002401,IPR001128	CHEBI:30413	2.672218e-60	8.883523e-56	1300.5000	100.00	supra_pair	IPR002401,IPR001128	41
22	IPR002401,IPR001128,IPR002401	CHEBI:30413	2.672218e-60	8.883523e-56	1300.5000	100.00	supra_triple	IPR002401,IPR001128,IPR002401	41
23	IPR002401,IPR002401,IPR001128	CHEBI:30413	2.672218e-60	8.883523e-56	1300.5000	100.00	supra_triple	IPR002401,IPR002401,IPR001128	41
24	IPR035892	CHEBI:29108	1.085332e-58	3.457741e-54	217.3247	100.00	single	-	67
25	IPR036188	CHEBI:57692	1.054608e-56	3.225465e-52	453.0667	100.00	single	-	47
26	IPR024079	CHEBI:29105	3.175765e-56	9.339338e-52	inf	100.00	single	-	74
27	IPR000719,IPR000719	CHEBI:18420	1.010079e-53	2.860438e-49	28.8338	100.00	supra_pair	IPR000719,IPR000719	172
28	IPR000719	CHEBI:18420	1.880382e-53	5.134865e-49	19.7944	100.00	single	-	191
29	IPR015422	CHEBI:597326	5.915636e-53	1.559712e-48	inf	100.00	single	-	31
30	IPR035892,IPR000008,IPR000008	CHEBI:29108	7.164207e-52	1.825946e-47	inf	100.00	supra_triple	IPR035892,IPR000008,IPR000008	53
31	IPR011009	CHEBI:18420	5.619378e-51	1.386014e-46	14.9600	100.00	single	-	203
32	IPR036396,IPR036396,IPR001128	CHEBI:30413	8.941691e-50	2.136539e-45	894.0938	100.00	supra_triple	IPR036396,IPR036396,IPR001128	35
33	IPR000719,IPR000719,IPR000719	CHEBI:18420	6.786759e-46	1.572496e-41	44.0906	100.00	supra_triple	IPR000719,IPR000719,IPR000719	135
34	IPR000008,IPR035892,IPR000008	CHEBI:29108	8.724525e-46	1.962023e-41	inf	100.00	supra_triple	IPR000008,IPR035892,IPR000008	47
35	IPR008271	CHEBI:18420	1.878439e-45	4.103648e-41	29.2891	100.00	single	-	145
36	IPR003347	CHEBI:29033	3.508249e-42	7.249862e-38	inf	100.00	single	-	29
37	IPR003347,IPR003347	CHEBI:29033	3.508249e-42	7.249862e-38	inf	100.00	supra_pair	IPR003347,IPR003347	29
38	IPR017441	CHEBI:18420	4.049805e-41	8.148762e-37	17.0888	100.00	single	-	154
39	IPR029044	CHEBI:29035	2.690282e-37	5.274415e-33	57.2984	100.00	single	-	58
40	IPR035892,IPR035892,IPR000008	CHEBI:29108	8.256324e-37	1.578221e-32	inf	100.00	supra_triple	IPR035892,IPR035892,IPR000008	38
41	IPR001806	CHEBI:18420	4.242731e-36	7.912301e-32	inf	100.00	single	-	89
42	IPR000719,IPR017441	CHEBI:18420	2.557923e-35	4.656711e-31	33.8484	100.00	supra_pair	IPR000719,IPR017441	109
43	IPR035892,IPR035892	CHEBI:29108	5.634715e-35	1.001947e-30	171.1667	100.00	supra_pair	IPR035892,IPR035892	41
44	IPR036396,IPR001128,IPR002401	CHEBI:30413	6.589335e-35	1.145065e-30	507.5122	100.00	supra_triple	IPR036396,IPR001128,IPR002401	26
45	IPR005225	CHEBI:18420	1.032394e-33	1.754179e-29	72.7861	100.00	single	-	93
46	IPR000719,IPR000719,IPR017441	CHEBI:18420	1.213963e-33	2.017849e-29	39.0757	100.00	supra_triple	IPR000719,IPR000719,IPR017441	101
47	IPR029061	CHEBI:58937	3.100664e-33	5.044266e-29	inf	100.00	single	-	13
48	IPR000008,IPR000008,IPR035892	CHEBI:29108	7.075306e-33	1.127055e-28	inf	100.00	supra_triple	IPR000008,IPR000008,IPR035892	34
49	IPR006620	CHEBI:38290	3.475509e-32	5.423297e-28	inf	100.00	single	-	15
50	IPR001806,IPR001806	CHEBI:18420	5.645438e-32	8.633139e-28	inf	100.00	supra_pair	IPR001806,IPR001806	79
51	IPR011009,IPR000719	CHEBI:18420	5.961563e-32	8.937809e-28	14.3849	100.00	supra_pair	IPR011009,IPR000719	127
52	IPR029044,IPR029044	CHEBI:29035	1.443339e-31	2.122296e-27	56.2532	100.00	supra_pair	IPR029044,IPR029044	49
53	IPR035892,IPR000008,IPR035892	CHEBI:29108	6.362104e-31	9.178379e-27	inf	100.00	supra_triple	IPR035892,IPR000008,IPR035892	32
54	IPR027417	CHEBI:18420	1.378417e-30	1.951767e-26	8.6205	100.00	single	-	160
55	IPR003347,IPR003347,IPR003347	CHEBI:29033	3.373516e-30	4.689874e-26	inf	100.00	supra_triple	IPR003347,IPR003347,IPR003347	21
56	IPR006620,IPR005123	CHEBI:38290	7.763417e-30	1.060000e-25	inf	100.00	supra_pair	IPR006620,IPR005123	14
57	IPR017441,IPR008271	CHEBI:18420	5.222424e-29	7.005488e-25	21.2166	100.00	supra_pair	IPR017441,IPR008271	100
58	IPR005123	CHEBI:38290	5.290057e-28	6.973864e-24	760.2857	100.00	single	-	20
59	IPR011009,IPR000719,IPR000719	CHEBI:18420	7.312394e-28	9.476516e-24	20.4386	100.00	supra_triple	IPR011009,IPR000719,IPR000719	97
60	IPR001806,IPR027417	CHEBI:18420	1.747357e-27	2.226750e-23	inf	100.00	supra_pair	IPR001806,IPR027417	68
61	IPR000719,IPR017441,IPR008271	CHEBI:18420	2.492643e-27	3.124434e-23	31.8475	100.00	supra_triple	IPR000719,IPR017441,IPR008271	85
62	IPR050182	CHEBI:30413	3.247761e-26	4.005286e-22	inf	100.00	single	-	17
63	IPR036188,IPR036188	CHEBI:57692	9.269077e-26	1.124960e-21	228.8462	100.00	supra_pair	IPR036188,IPR036188	23
64	IPR001128,IPR036396	CHEBI:30413	1.183113e-24	1.413473e-20	inf	100.00	supra_pair	IPR001128,IPR036396	16
65	IPR004839	CHEBI:597326	1.273756e-24	1.498352e-20	inf	100.00	single	-	15
66	IPR029061,IPR029061	CHEBI:58937	2.963892e-24	3.433678e-20	inf	100.00	supra_pair	IPR029061,IPR029061	10
67	IPR000008,IPR000008,IPR000008	CHEBI:29108	3.780011e-24	4.313794e-20	inf	100.00	supra_triple	IPR000008,IPR000008,IPR000008	25
68	IPR002401,IPR002401,IPR002401	CHEBI:30413	1.959328e-23	2.203126e-19	566.5306	100.00	supra_triple	IPR002401,IPR002401,IPR002401	17
69	IPR001590	CHEBI:29105	1.759145e-22	1.921520e-18	inf	100.00	single	-	30
70	IPR024079,IPR001590	CHEBI:29105	1.759145e-22	1.921520e-18	inf	100.00	supra_pair	IPR024079,IPR001590	30
71	IPR006026	CHEBI:29105	9.680763e-22	1.042539e-17	inf	100.00	single	-	29
72	IPR036396,IPR002401	CHEBI:30413	1.480785e-21	1.550995e-17	inf	100.00	supra_pair	IPR036396,IPR002401	14
73	IPR050182,IPR036396	CHEBI:30413	1.480785e-21	1.550995e-17	inf	100.00	supra_pair	IPR050182,IPR036396	14
74	IPR005123	CHEBI:29033	2.295807e-21	2.372164e-17	152.0260	100.00	single	-	20
75	IPR044862	CHEBI:38290	6.701360e-21	6.742027e-17	inf	100.00	single	-	10
76	IPR005123,IPR044862	CHEBI:38290	6.701360e-21	6.742027e-17	inf	100.00	supra_pair	IPR005123,IPR044862	10
77	IPR001128,IPR002401,IPR001128	CHEBI:30413	2.162013e-20	2.146884e-16	476.2745	100.00	supra_triple	IPR001128,IPR002401,IPR001128	15
78	IPR000008,IPR035892,IPR035892	CHEBI:29108	2.536799e-20	2.424584e-16	inf	100.00	supra_triple	IPR000008,IPR035892,IPR035892	21
79	IPR021190,IPR006026,IPR001818	CHEBI:29108	2.536799e-20	2.424584e-16	inf	100.00	supra_triple	IPR021190,IPR006026,IPR001818	21
80	IPR021190,IPR006026	CHEBI:29108	2.536799e-20	2.424584e-16	inf	100.00	supra_pair	IPR021190,IPR006026	21
81	IPR046373	CHEBI:57692	4.388357e-20	4.042639e-16	inf	100.00	single	-	15
82	IPR036250	CHEBI:57692	4.388357e-20	4.042639e-16	inf	100.00	single	-	15
83	IPR009100	CHEBI:57692	4.388357e-20	4.042639e-16	inf	100.00	single	-	15
84	IPR036396,IPR001128,IPR036396	CHEBI:30413	5.091623e-20	4.580137e-16	inf	100.00	supra_triple	IPR036396,IPR001128,IPR036396	13
85	IPR001128,IPR036396,IPR002401	CHEBI:30413	5.091623e-20	4.580137e-16	inf	100.00	supra_triple	IPR001128,IPR036396,IPR002401	13
86	IPR006026,IPR001818	CHEBI:29108	5.802761e-20	4.670380e-16	176.5584	100.00	supra_pair	IPR006026,IPR001818	23
87	IPR033739	CHEBI:29108	5.802761e-20	4.670380e-16	176.5584	100.00	single	-	23
88	IPR001818,IPR033739,IPR021190	CHEBI:29108	5.802761e-20	4.670380e-16	176.5584	100.00	supra_triple	IPR001818,IPR033739,IPR021190	23
89	IPR001818,IPR033739	CHEBI:29108	5.802761e-20	4.670380e-16	176.5584	100.00	supra_pair	IPR001818,IPR033739	23
90	IPR006026,IPR001818,IPR033739	CHEBI:29108	5.802761e-20	4.670380e-16	176.5584	100.00	supra_triple	IPR006026,IPR001818,IPR033739	23
91	IPR001818	CHEBI:29108	5.802761e-20	4.670380e-16	176.5584	100.00	single	-	23
92	IPR021190,IPR021190	CHEBI:29108	5.802761e-20	4.670380e-16	176.5584	100.00	supra_pair	IPR021190,IPR021190	23
93	IPR033739,IPR021190,IPR021190	CHEBI:29108	5.802761e-20	4.670380e-16	176.5584	100.00	supra_triple	IPR033739,IPR021190,IPR021190	23
94	IPR021190	CHEBI:29108	5.802761e-20	4.670380e-16	176.5584	100.00	single	-	23
95	IPR033739,IPR021190	CHEBI:29108	5.802761e-20	4.670380e-16	176.5584	100.00	supra_pair	IPR033739,IPR021190	23
96	IPR027417,IPR005225	CHEBI:18420	7.746732e-20	6.170046e-16	inf	100.00	supra_pair	IPR027417,IPR005225	49
97	IPR015424,IPR015422	CHEBI:597326	1.138361e-19	8.973243e-16	inf	100.00	supra_pair	IPR015424,IPR015422	12
98	IPR018487	CHEBI:29108	2.270372e-19	1.701915e-15	inf	100.00	single	-	20
99	IPR018487,IPR018487	CHEBI:29108	2.270372e-19	1.701915e-15	inf	100.00	supra_pair	IPR018487,IPR018487	20
100	IPR036375	CHEBI:29108	2.270372e-19	1.701915e-15	inf	100.00	single	-	20
